<application>
  <component name="FileTypeManager" version="17">
    <extensionMap>
      <mapping ext="gradle.kts" type="Kotlin" />
      <mapping pattern="Auth/y" type="PLAIN_TEXT" />
      <mapping pattern=".browserslistrc" type="PLAIN_TEXT" />
      <mapping pattern="screens" type="PLAIN_TEXT" />
      <mapping pattern=".gitkeep" type="PLAIN_TEXT" />
      <mapping pattern="js/" type="PLAIN_TEXT" />
      <mapping pattern="Models/f" type="PLAIN_TEXT" />
      <mapping pattern="Observer/f" type="PLAIN_TEXT" />
      <mapping ext="gs" type="PLAIN_TEXT" />
    </extensionMap>
  </component>
</application>