<application>
  <component name="ProjectManager">
    <defaultProject>
      <component name="ComposerSettings">
        <execution>
          <executable />
        </execution>
      </component>
      <component name="PhpProjectSharedConfiguration" php_language_level="7.3" />
      <component name="ProjectViewState">
        <option name="hideEmptyMiddlePackages" value="true" />
        <option name="showExcludedFiles" value="true" />
        <option name="showLibraryContents" value="true" />
      </component>
      <component name="PropertiesComponent">
        <property name="settings.editor.selected.configurable" value="reference.webide.settings.project.settings.php" />
      </component>
    </defaultProject>
  </component>
</application>