<code_scheme name="Default" version="173">
  <JSCodeStyleSettings version="0">
    <option name="FORCE_SEMICOLON_STYLE" value="true" />
    <option name="FILE_NAME_STYLE" value="CAMEL_CASE" />
    <option name="ALIGN_VAR_STATEMENTS" value="1" />
    <option name="REFORMAT_C_STYLE_COMMENTS" value="true" />
    <option name="USE_DOUBLE_QUOTES" value="false" />
    <option name="FORCE_QUOTE_STYlE" value="true" />
    <option name="ENFORCE_TRAILING_COMMA" value="WhenMultiline" />
    <option name="VAR_DECLARATION_WRAP" value="5" />
    <option name="SPACES_WITHIN_IMPORTS" value="true" />
  </JSCodeStyleSettings>
  <PHPCodeStyleSettings>
    <option name="ALIGN_KEY_VALUE_PAIRS" value="true" />
    <option name="ALIGN_PHPDOC_PARAM_NAMES" value="true" />
    <option name="ALIGN_PHPDOC_COMMENTS" value="true" />
    <option name="ALIGN_INLINE_COMMENTS" value="true" />
    <option name="PHPDOC_BLANK_LINE_BEFORE_TAGS" value="true" />
    <option name="PHPDOC_BLANK_LINES_AROUND_PARAMETERS" value="true" />
    <option name="PHPDOC_WRAP_LONG_LINES" value="true" />
    <option name="ANONYMOUS_BRACE_STYLE" value="2" />
    <option name="LOWER_CASE_BOOLEAN_CONST" value="true" />
    <option name="LOWER_CASE_NULL_CONST" value="true" />
    <option name="ELSE_IF_STYLE" value="SEPARATE" />
    <option name="VARIABLE_NAMING_STYLE" value="CAMEL_CASE" />
    <option name="ALIGN_CLASS_CONSTANTS" value="true" />
    <option name="FORCE_SHORT_DECLARATION_ARRAY_STYLE" value="true" />
    <option name="SPACE_AROUND_ASSIGNMENT_IN_DECLARE" value="true" />
    <option name="NAMESPACE_BRACE_STYLE" value="2" />
    <option name="IF_LPAREN_ON_NEXT_LINE" value="true" />
    <option name="IF_RPAREN_ON_NEXT_LINE" value="true" />
  </PHPCodeStyleSettings>
  <ScssCodeStyleSettings>
    <option name="PROPERTIES_ORDER" value="grid-area, content, position, z-index, top, right, bottom, left, float, clear, display, flex-direction, flex-wrap, flex-flow, align-items, align-content, justify-content, order, align-self, flex-grow, flex-shrink, flex-basis, flex, grid-template-areas, grid-template-columns, grid-template-rows, grid-auto-columns, grid-auto-rows, grid-auto-flow, cursor, opacity, overflow, clip, font-family, font-size, color, font-weight, line-height, letter-spacing, text-align, text-transform, word-spacing, margin, margin-top, margin-right, margin-bottom, margin-left, box-shadow, border, border-radius, box-sizing, width, min-width, max-width, height, min-height, max-height, padding, padding-top, padding-right, padding-bottom, padding-left, background, background-image, background-size, background-position, background-repeat, background-clip, background-origin, background-attachment, background-color, outline, user-select, animation, transition" />
    <option name="HEX_COLOR_UPPER_CASE" value="true" />
    <option name="HEX_COLOR_SHORT_FORMAT" value="true" />
    <option name="USE_DOUBLE_QUOTES" value="false" />
    <option name="ENFORCE_QUOTES_ON_FORMAT" value="true" />
  </ScssCodeStyleSettings>
  <codeStyleSettings language="JavaScript">
    <option name="ALIGN_MULTILINE_CHAINED_METHODS" value="true" />
    <option name="ALIGN_MULTILINE_PARAMETERS_IN_CALLS" value="true" />
    <option name="ALIGN_MULTILINE_BINARY_OPERATION" value="true" />
    <option name="ALIGN_MULTILINE_TERNARY_OPERATION" value="true" />
    <option name="ALIGN_MULTILINE_EXTENDS_LIST" value="true" />
    <option name="ALIGN_MULTILINE_ARRAY_INITIALIZER_EXPRESSION" value="true" />
    <option name="SPACE_BEFORE_SEMICOLON" value="true" />
    <option name="CALL_PARAMETERS_WRAP" value="5" />
    <option name="PREFER_PARAMETERS_WRAP" value="true" />
    <option name="CALL_PARAMETERS_LPAREN_ON_NEXT_LINE" value="true" />
    <option name="CALL_PARAMETERS_RPAREN_ON_NEXT_LINE" value="true" />
    <option name="METHOD_PARAMETERS_WRAP" value="5" />
    <option name="METHOD_PARAMETERS_LPAREN_ON_NEXT_LINE" value="true" />
    <option name="METHOD_PARAMETERS_RPAREN_ON_NEXT_LINE" value="true" />
    <option name="EXTENDS_LIST_WRAP" value="5" />
    <option name="EXTENDS_KEYWORD_WRAP" value="1" />
    <option name="METHOD_CALL_CHAIN_WRAP" value="5" />
    <option name="PARENTHESES_EXPRESSION_LPAREN_WRAP" value="true" />
    <option name="PARENTHESES_EXPRESSION_RPAREN_WRAP" value="true" />
    <option name="BINARY_OPERATION_WRAP" value="5" />
    <option name="BINARY_OPERATION_SIGN_ON_NEXT_LINE" value="true" />
    <option name="TERNARY_OPERATION_WRAP" value="5" />
    <option name="TERNARY_OPERATION_SIGNS_ON_NEXT_LINE" value="true" />
    <option name="KEEP_SIMPLE_METHODS_IN_ONE_LINE" value="true" />
    <option name="ARRAY_INITIALIZER_WRAP" value="5" />
    <option name="ARRAY_INITIALIZER_LBRACE_ON_NEXT_LINE" value="true" />
    <option name="ARRAY_INITIALIZER_RBRACE_ON_NEXT_LINE" value="true" />
    <option name="WRAP_COMMENTS" value="true" />
    <option name="WRAP_ON_TYPING" value="1" />
    <indentOptions>
      <option name="USE_TAB_CHARACTER" value="true" />
      <option name="SMART_TABS" value="true" />
    </indentOptions>
  </codeStyleSettings>
  <codeStyleSettings language="PHP">
    <option name="LINE_COMMENT_AT_FIRST_COLUMN" value="false" />
    <option name="LINE_COMMENT_ADD_SPACE" value="true" />
    <option name="KEEP_FIRST_COLUMN_COMMENT" value="false" />
    <option name="ALIGN_MULTILINE_CHAINED_METHODS" value="true" />
    <option name="ALIGN_MULTILINE_PARAMETERS_IN_CALLS" value="true" />
    <option name="ALIGN_MULTILINE_FOR" value="false" />
    <option name="ALIGN_MULTILINE_ARRAY_INITIALIZER_EXPRESSION" value="true" />
    <option name="ALIGN_GROUP_FIELD_DECLARATIONS" value="true" />
    <option name="SPACE_BEFORE_SEMICOLON" value="true" />
    <option name="SPACE_AFTER_TYPE_CAST" value="true" />
    <option name="CALL_PARAMETERS_WRAP" value="5" />
    <option name="CALL_PARAMETERS_LPAREN_ON_NEXT_LINE" value="true" />
    <option name="CALL_PARAMETERS_RPAREN_ON_NEXT_LINE" value="true" />
    <option name="METHOD_PARAMETERS_WRAP" value="5" />
    <option name="METHOD_PARAMETERS_LPAREN_ON_NEXT_LINE" value="true" />
    <option name="METHOD_PARAMETERS_RPAREN_ON_NEXT_LINE" value="true" />
    <option name="EXTENDS_LIST_WRAP" value="5" />
    <option name="EXTENDS_KEYWORD_WRAP" value="1" />
    <option name="METHOD_CALL_CHAIN_WRAP" value="2" />
    <option name="KEEP_SIMPLE_METHODS_IN_ONE_LINE" value="true" />
    <option name="ARRAY_INITIALIZER_WRAP" value="5" />
    <option name="ARRAY_INITIALIZER_LBRACE_ON_NEXT_LINE" value="true" />
    <option name="ARRAY_INITIALIZER_RBRACE_ON_NEXT_LINE" value="true" />
    <option name="IF_BRACE_FORCE" value="1" />
    <option name="WRAP_ON_TYPING" value="0" />
    <indentOptions>
      <option name="USE_TAB_CHARACTER" value="true" />
      <option name="SMART_TABS" value="true" />
    </indentOptions>
  </codeStyleSettings>
  <codeStyleSettings language="SCSS">
    <indentOptions>
      <option name="USE_TAB_CHARACTER" value="true" />
    </indentOptions>
    <arrangement>
      <rules>
        <section>
          <rule>
            <match>
              <NAME>(-[a-z]+-)?grid-area</NAME>
            </match>
            <order>BY_NAME</order>
          </rule>
          <rule>
            <match>
              <NAME>(-[a-z]+-)?content</NAME>
            </match>
            <order>BY_NAME</order>
          </rule>
          <rule>
            <match>
              <NAME>(-[a-z]+-)?position</NAME>
            </match>
            <order>BY_NAME</order>
          </rule>
          <rule>
            <match>
              <NAME>(-[a-z]+-)?z-index</NAME>
            </match>
            <order>BY_NAME</order>
          </rule>
          <rule>
            <match>
              <NAME>(-[a-z]+-)?top</NAME>
            </match>
            <order>BY_NAME</order>
          </rule>
          <rule>
            <match>
              <NAME>(-[a-z]+-)?right</NAME>
            </match>
            <order>BY_NAME</order>
          </rule>
          <rule>
            <match>
              <NAME>(-[a-z]+-)?bottom</NAME>
            </match>
            <order>BY_NAME</order>
          </rule>
          <rule>
            <match>
              <NAME>(-[a-z]+-)?left</NAME>
            </match>
            <order>BY_NAME</order>
          </rule>
          <rule>
            <match>
              <NAME>(-[a-z]+-)?float</NAME>
            </match>
            <order>BY_NAME</order>
          </rule>
          <rule>
            <match>
              <NAME>(-[a-z]+-)?clear</NAME>
            </match>
            <order>BY_NAME</order>
          </rule>
          <rule>
            <match>
              <NAME>(-[a-z]+-)?display</NAME>
            </match>
            <order>BY_NAME</order>
          </rule>
          <rule>
            <match>
              <NAME>(-[a-z]+-)?flex-direction</NAME>
            </match>
            <order>BY_NAME</order>
          </rule>
          <rule>
            <match>
              <NAME>(-[a-z]+-)?flex-wrap</NAME>
            </match>
            <order>BY_NAME</order>
          </rule>
          <rule>
            <match>
              <NAME>(-[a-z]+-)?flex-flow</NAME>
            </match>
            <order>BY_NAME</order>
          </rule>
          <rule>
            <match>
              <NAME>(-[a-z]+-)?align-items</NAME>
            </match>
            <order>BY_NAME</order>
          </rule>
          <rule>
            <match>
              <NAME>(-[a-z]+-)?align-content</NAME>
            </match>
            <order>BY_NAME</order>
          </rule>
          <rule>
            <match>
              <NAME>(-[a-z]+-)?justify-content</NAME>
            </match>
            <order>BY_NAME</order>
          </rule>
          <rule>
            <match>
              <NAME>(-[a-z]+-)?order</NAME>
            </match>
            <order>BY_NAME</order>
          </rule>
          <rule>
            <match>
              <NAME>(-[a-z]+-)?align-self</NAME>
            </match>
            <order>BY_NAME</order>
          </rule>
          <rule>
            <match>
              <NAME>(-[a-z]+-)?flex-grow</NAME>
            </match>
            <order>BY_NAME</order>
          </rule>
          <rule>
            <match>
              <NAME>(-[a-z]+-)?flex-shrink</NAME>
            </match>
            <order>BY_NAME</order>
          </rule>
          <rule>
            <match>
              <NAME>(-[a-z]+-)?flex-basis</NAME>
            </match>
            <order>BY_NAME</order>
          </rule>
          <rule>
            <match>
              <NAME>(-[a-z]+-)?flex</NAME>
            </match>
            <order>BY_NAME</order>
          </rule>
          <rule>
            <match>
              <NAME>(-[a-z]+-)?grid-template-areas</NAME>
            </match>
            <order>BY_NAME</order>
          </rule>
          <rule>
            <match>
              <NAME>(-[a-z]+-)?grid-template-columns</NAME>
            </match>
            <order>BY_NAME</order>
          </rule>
          <rule>
            <match>
              <NAME>(-[a-z]+-)?grid-template-rows</NAME>
            </match>
            <order>BY_NAME</order>
          </rule>
          <rule>
            <match>
              <NAME>(-[a-z]+-)?grid-auto-columns</NAME>
            </match>
            <order>BY_NAME</order>
          </rule>
          <rule>
            <match>
              <NAME>(-[a-z]+-)?grid-auto-rows</NAME>
            </match>
            <order>BY_NAME</order>
          </rule>
          <rule>
            <match>
              <NAME>(-[a-z]+-)?grid-auto-flow</NAME>
            </match>
            <order>BY_NAME</order>
          </rule>
          <rule>
            <match>
              <NAME>(-[a-z]+-)?cursor</NAME>
            </match>
            <order>BY_NAME</order>
          </rule>
          <rule>
            <match>
              <NAME>(-[a-z]+-)?opacity</NAME>
            </match>
            <order>BY_NAME</order>
          </rule>
          <rule>
            <match>
              <NAME>(-[a-z]+-)?overflow</NAME>
            </match>
            <order>BY_NAME</order>
          </rule>
          <rule>
            <match>
              <NAME>(-[a-z]+-)?clip</NAME>
            </match>
            <order>BY_NAME</order>
          </rule>
          <rule>
            <match>
              <NAME>(-[a-z]+-)?font-family</NAME>
            </match>
            <order>BY_NAME</order>
          </rule>
          <rule>
            <match>
              <NAME>(-[a-z]+-)?font-size</NAME>
            </match>
            <order>BY_NAME</order>
          </rule>
          <rule>
            <match>
              <NAME>(-[a-z]+-)?color</NAME>
            </match>
            <order>BY_NAME</order>
          </rule>
          <rule>
            <match>
              <NAME>(-[a-z]+-)?font-weight</NAME>
            </match>
            <order>BY_NAME</order>
          </rule>
          <rule>
            <match>
              <NAME>(-[a-z]+-)?line-height</NAME>
            </match>
            <order>BY_NAME</order>
          </rule>
          <rule>
            <match>
              <NAME>(-[a-z]+-)?letter-spacing</NAME>
            </match>
            <order>BY_NAME</order>
          </rule>
          <rule>
            <match>
              <NAME>(-[a-z]+-)?text-align</NAME>
            </match>
            <order>BY_NAME</order>
          </rule>
          <rule>
            <match>
              <NAME>(-[a-z]+-)?text-transform</NAME>
            </match>
            <order>BY_NAME</order>
          </rule>
          <rule>
            <match>
              <NAME>(-[a-z]+-)?word-spacing</NAME>
            </match>
            <order>BY_NAME</order>
          </rule>
          <rule>
            <match>
              <NAME>(-[a-z]+-)?margin</NAME>
            </match>
            <order>BY_NAME</order>
          </rule>
          <rule>
            <match>
              <NAME>(-[a-z]+-)?margin-top</NAME>
            </match>
            <order>BY_NAME</order>
          </rule>
          <rule>
            <match>
              <NAME>(-[a-z]+-)?margin-right</NAME>
            </match>
            <order>BY_NAME</order>
          </rule>
          <rule>
            <match>
              <NAME>(-[a-z]+-)?margin-bottom</NAME>
            </match>
            <order>BY_NAME</order>
          </rule>
          <rule>
            <match>
              <NAME>(-[a-z]+-)?margin-left</NAME>
            </match>
            <order>BY_NAME</order>
          </rule>
          <rule>
            <match>
              <NAME>(-[a-z]+-)?box-shadow</NAME>
            </match>
            <order>BY_NAME</order>
          </rule>
          <rule>
            <match>
              <NAME>(-[a-z]+-)?border</NAME>
            </match>
            <order>BY_NAME</order>
          </rule>
          <rule>
            <match>
              <NAME>(-[a-z]+-)?border-radius</NAME>
            </match>
            <order>BY_NAME</order>
          </rule>
          <rule>
            <match>
              <NAME>(-[a-z]+-)?box-sizing</NAME>
            </match>
            <order>BY_NAME</order>
          </rule>
          <rule>
            <match>
              <NAME>(-[a-z]+-)?width</NAME>
            </match>
            <order>BY_NAME</order>
          </rule>
          <rule>
            <match>
              <NAME>(-[a-z]+-)?min-width</NAME>
            </match>
            <order>BY_NAME</order>
          </rule>
          <rule>
            <match>
              <NAME>(-[a-z]+-)?max-width</NAME>
            </match>
            <order>BY_NAME</order>
          </rule>
          <rule>
            <match>
              <NAME>(-[a-z]+-)?height</NAME>
            </match>
            <order>BY_NAME</order>
          </rule>
          <rule>
            <match>
              <NAME>(-[a-z]+-)?min-height</NAME>
            </match>
            <order>BY_NAME</order>
          </rule>
          <rule>
            <match>
              <NAME>(-[a-z]+-)?max-height</NAME>
            </match>
            <order>BY_NAME</order>
          </rule>
          <rule>
            <match>
              <NAME>(-[a-z]+-)?padding</NAME>
            </match>
            <order>BY_NAME</order>
          </rule>
          <rule>
            <match>
              <NAME>(-[a-z]+-)?padding-top</NAME>
            </match>
            <order>BY_NAME</order>
          </rule>
          <rule>
            <match>
              <NAME>(-[a-z]+-)?padding-right</NAME>
            </match>
            <order>BY_NAME</order>
          </rule>
          <rule>
            <match>
              <NAME>(-[a-z]+-)?padding-bottom</NAME>
            </match>
            <order>BY_NAME</order>
          </rule>
          <rule>
            <match>
              <NAME>(-[a-z]+-)?padding-left</NAME>
            </match>
            <order>BY_NAME</order>
          </rule>
          <rule>
            <match>
              <NAME>(-[a-z]+-)?background</NAME>
            </match>
            <order>BY_NAME</order>
          </rule>
          <rule>
            <match>
              <NAME>(-[a-z]+-)?background-image</NAME>
            </match>
            <order>BY_NAME</order>
          </rule>
          <rule>
            <match>
              <NAME>(-[a-z]+-)?background-size</NAME>
            </match>
            <order>BY_NAME</order>
          </rule>
          <rule>
            <match>
              <NAME>(-[a-z]+-)?background-position</NAME>
            </match>
            <order>BY_NAME</order>
          </rule>
          <rule>
            <match>
              <NAME>(-[a-z]+-)?background-repeat</NAME>
            </match>
            <order>BY_NAME</order>
          </rule>
          <rule>
            <match>
              <NAME>(-[a-z]+-)?background-clip</NAME>
            </match>
            <order>BY_NAME</order>
          </rule>
          <rule>
            <match>
              <NAME>(-[a-z]+-)?background-origin</NAME>
            </match>
            <order>BY_NAME</order>
          </rule>
          <rule>
            <match>
              <NAME>(-[a-z]+-)?background-attachment</NAME>
            </match>
            <order>BY_NAME</order>
          </rule>
          <rule>
            <match>
              <NAME>(-[a-z]+-)?background-color</NAME>
            </match>
            <order>BY_NAME</order>
          </rule>
          <rule>
            <match>
              <NAME>(-[a-z]+-)?outline</NAME>
            </match>
            <order>BY_NAME</order>
          </rule>
          <rule>
            <match>
              <NAME>(-[a-z]+-)?user-select</NAME>
            </match>
            <order>BY_NAME</order>
          </rule>
          <rule>
            <match>
              <NAME>(-[a-z]+-)?animation</NAME>
            </match>
            <order>BY_NAME</order>
          </rule>
          <rule>
            <match>
              <NAME>(-[a-z]+-)?transition</NAME>
            </match>
            <order>BY_NAME</order>
          </rule>
        </section>
      </rules>
    </arrangement>
  </codeStyleSettings>
</code_scheme>